lead_id,created_at,updated_at,month,name,email,phone,source,course,brand,createdBy,assigned_to,notes,status,next_follow_up,result,remark,attempts_count,convertedBy,meta_json
"6a6eefcd7546dc359055977e","2026-08-02T07:20:45.601Z","2026-08-02T07:21:20.537Z","2026-08","joe","","6304666513","Website","Digital Marketing","Impact Digital Marketing","","","
==================================================
DIGITAL MARKETING CAREER ASSESSMENT
==================================================

Completed On :
2/8/2026, 12:51:20 pm

Career Score :
69/100

Career Fit :
Good Potential – Needs Guidance

Top Strengths :
• Can dedicate sufficient learning time
• Comfortable with technology
• Willing to learn new skills

Recommended Careers :
• Social Media Manager
• Content Strategist
• Influencer Marketing

------------------------------------------

Question Responses

Q: Why do you want to learn Digital Marketing?
A: Get a high-paying job

Q: When do you want to start learning?
A: Immediately

Q: How many hours can you dedicate every week?
A: More than 20 hours

Q: How comfortable are you using a computer and the internet?
A: Expert

Q: Which activity do you enjoy the most?
A: Creating Social Media Content

Q: How do you prefer learning new skills?
A: practice by doing

Q: How confident are you while communicating with others?
A: Average

Q: Which best describes your Personality?
A: Helpful

Q: Have you completed any online course before?
A: One

Q: What best describes you?
A: Business Owner

Q: What monthly income do you want within the next 2 years?
A: ₹75K–₹1L

Q: What is your biggest challenge today?
A: Financial problems

Q: How committed are you to building a career in Digital Marketing?
A: Somewhat committed

Q: If selected, when are you ready to join the course?
A: Maybe later


==================================================
Generated From :
assessment.impactdigitalmarketinginstitute.in
==================================================
","new","","","","0","","{}"
